<?xml version="1.0" encoding="UTF-8"?>
<!DOCTYPE mapper
  PUBLIC "-//mybatis.org//DTD Mapper 3.0//EN"
  "http://mybatis.org/dtd/mybatis-3-mapper.dtd">

<mapper namespace="test">

	<select id="boardList" parameterType="hashMap"  resultType="testDTO">
		SELECT * FROM sbboardview WHERE sb_cate=#{sb_cate} ORDER BY sb_no DESC LIMIT #{startPage}, #{lastPage}<!-- ORDER BY sb_no DESC --> 
	</select>
	
	<select id="totalList" resultType="Integer">
		SELECT COUNT(*) FROM sbboardview WHERE sb_cate=#{sb_cate} LIMIT 1
	</select>

	<insert id="write" parameterType="TestDTO">
		INSERT INTO sboard (sb_title, sb_content, sm_no, sb_cate, sb_file) VALUES (#{sb_title }, #{sb_content }, (SELECT sm_no FROM smember WHERE sm_id=#{sm_id}), #{sb_cate }, #{sb_file}) 
	</insert>

	<select id="detail" parameterType="integer" resultType="TestDTO">
		SELECT * FROM sbboardview WHERE sb_no=#{sb_no}
	</select>
	
	<!-- <delete id="delete" parameterType="integer">
		DELETE FROM sboard WHERE sb_no=#{sb_no}
	</delete> -->
	
	<update id="delete">
		UPDATE sboard SET sb_del = 1 WHERE sb_no=#{sb_no}
	</update>
	
	<update id="update" parameterType="TestDTO">
		UPDATE sboard SET sb_title=#{sb_title}, sb_content=#{sb_content} WHERE sb_no=#{sb_no}
	</update>
	
	<select id="getCategory" resultType="String">
		SELECT sc_category FROM scategory WHERE sc_no=#{sc_cate} 
	</select>
	
	<select id="categoryList" resultType="hashMap">
		SELECT sc_no, sc_category, sc_date FROM scategory WHERE sc_visible = 1
	</select>
	
	
	
</mapper>