<?xml version="1.0" encoding="UTF-8"?>
<beans xmlns="http://www.springframework.org/schema/beans"
	xmlns:xsi="http://www.w3.org/2001/XMLSchema-instance"
	xsi:schemaLocation="http://www.springframework.org/schema/beans http://www.springframework.org/schema/beans/spring-beans.xsd">

	<bean id="dataSource"
		class="org.springframework.jdbc.datasource.DriverManagerDataSource">
		<property name="username" value="sangji0729"/>
		<property name="password" value="01234567"/>
		<property name="url" value="jdbc:mariadb://220.70.33.29:3306/sangji0729"/>
		<property name="driverClassName" value="org.mariadb.jdbc.Driver"/>
	</bean>

	<!-- sqlSessionFactory -->
	<bean id="sqlSessionFactoryBean" 
			class="org.mybatis.spring.SqlSessionFactoryBean">
		<property name="dataSource" ref="dataSource"/>
		<property name="mapperLocations" value="classpath:/mybatis/mappers/*Mapper.xml"/>
		<property name="configLocation" value="classpath:/mybatis/config/mybatisConfig.xml"/>
	</bean>

	<!-- sqlSessionTemplate -->
	<bean id="sqlSession" 
			class="org.mybatis.spring.SqlSessionTemplate">
		<constructor-arg name="sqlSessionFactory" ref="sqlSessionFactoryBean"/>
	</bean>


</beans>

