<?xml version="1.0" encoding="UTF-8"?>
<beans xmlns="http://www.springframework.org/schema/beans"
	xmlns:xsi="http://www.w3.org/2001/XMLSchema-instance"
	xsi:schemaLocation="http://www.springframework.org/schema/beans http://www.springframework.org/schema/beans/spring-beans.xsd">

	<bean class="org.springframework.web.multipart.commons.CommonsMultipartResolver" id="multipartResolver"> 
		<property name="defaultEncoding" value="UTF-8"></property>
		<!-- 파일 하나당 크기 50MB = 52428800byte -->
		<property name="maxUploadSizePerFile" value="52428800"></property>
		<!-- 전체 파일 허용 : byte -->
		<property name="maxUploadSize" value="104857600"></property>
	</bean>
	
		
</beans>